test_loss,test_AUC,test_CC,test_NSS,test_KLDiv,test_SIM
13.214717,0.5284405,0.046388593,0.04517419,13.214717,0.2763812
