test_loss,test_AUC,test_CC,test_NSS,test_KLDiv,test_SIM
4.1224365,0.5103136,-0.0014175562,-0.0035091005,4.1224365,0.5242067
