test_loss,test_AUC,test_CC,test_NSS,test_KLDiv,test_SIM
9.926782,0.4848098,0.008049638,-0.00075196783,9.926782,0.41813114
