train_loss,train_AUC,train_CC,train_NSS,train_KLDiv,train_SIM,test_loss,test_AUC,test_CC,test_NSS,test_KLDiv,test_SIM
1.1237752,0.6266112,0.2251164,0.25170702,1.1237752,0.41479176,1.1127676,0.6651273,0.25066516,0.28133819,1.1127676,0.40461537
