train_loss,train_AUC,train_CC,train_NSS,train_KLDiv,train_SIM,test_loss,test_AUC,test_CC,test_NSS,test_KLDiv,test_SIM
1.1237752,0.6266112,0.2251164,0.25170702,1.1237752,0.41479176,1.1127676,0.6651273,0.25066516,0.28133819,1.1127676,0.40461537
1.0526671,0.66376823,0.2814988,0.3100912,1.0526671,0.42770654,1.1167783,0.68156505,0.27139038,0.29868916,1.1167783,0.40306845
1.0297452,0.6794075,0.30138895,0.32996282,1.0297452,0.4338395,1.0893465,0.68999946,0.28693876,0.3317102,1.0893465,0.41151553
