train_loss,train_AUC,train_CC,train_NSS,train_KLDiv,train_SIM,test_loss,test_AUC,test_CC,test_NSS,test_KLDiv,test_SIM
0.49435142,0.7899513,0.43611315,0.3742421,0.49435142,0.61183286,0.41814545,0.8428967,0.5074313,0.41494274,0.41814545,0.64922196
