train_loss,train_AUC,train_CC,train_NSS,train_KLDiv,train_SIM,test_loss,test_AUC,test_CC,test_NSS,test_KLDiv,test_SIM
1.1575353,0.61038506,0.20276898,0.22855204,1.1575353,0.40933156,1.1329268,0.6547091,0.23021862,0.25816366,1.1329268,0.39852643
