train_loss,train_AUC,train_CC,train_NSS,train_KLDiv,train_SIM,test_loss,test_AUC,test_CC,test_NSS,test_KLDiv,test_SIM
1.1575353,0.61038506,0.20276898,0.22855204,1.1575353,0.40933156,1.1329268,0.6547091,0.23021862,0.25816366,1.1329268,0.39852643
1.0601201,0.658491,0.27566817,0.31417674,1.0601201,0.42536065,1.097829,0.6762098,0.27636072,0.33285215,1.097829,0.40796944
1.0342532,0.67517596,0.29750898,0.33004934,1.0342532,0.4323788,1.0726626,0.68814814,0.30155358,0.34404483,1.0726626,0.41537577
1.0132191,0.6881961,0.31392795,0.34527346,1.0132191,0.43796894,1.0511827,0.70013154,0.324683,0.3700482,1.0511827,0.4205041
